{
    "loss": 45.4838981628418,
    "accuracy": 0.986131489276886
}