{
    "loss": 2.59450364112854,
    "accuracy": 0.8206188082695007
}